{"cameraMode":{"drawMode":0,"name":"Shaded","section":"Shading Mode"},"sceneLighting":false,"audioPlay":false,"sceneViewState":{"m_AlwaysRefresh":false,"showFog":true,"showSkybox":true,"showFlares":true,"showImageEffects":true,"showParticleSystems":true,"showVisualEffectGraphs":true,"m_FxEnabled":true},"in2DMode":false,"pivot":{"x":506.16168212890627,"y":306.8055114746094,"z":16.74737548828125},"rotation":{"x":-0.006609688978642225,"y":0.008697192184627056,"z":-0.00005109010453452356,"w":-0.9999569654464722},"size":304.8468017578125,"orthographic":false}