{"cameraMode":{"drawMode":0,"name":"Shaded","section":"Shading Mode"},"sceneLighting":false,"audioPlay":false,"sceneViewState":{"m_AlwaysRefresh":false,"showFog":true,"showSkybox":true,"showFlares":true,"showImageEffects":true,"showParticleSystems":true,"showVisualEffectGraphs":true,"m_FxEnabled":true},"in2DMode":false,"pivot":{"x":4.715383529663086,"y":2.7177724838256838,"z":-0.7904462814331055},"rotation":{"x":-0.06781197339296341,"y":0.08489878475666046,"z":-0.005785140208899975,"w":-0.9940789341926575},"size":7.388968467712402,"orthographic":false}