{"cameraMode":{"drawMode":0,"name":"Shaded","section":"Shading Mode"},"sceneLighting":false,"audioPlay":false,"sceneViewState":{"m_AlwaysRefresh":false,"showFog":true,"showSkybox":true,"showFlares":true,"showImageEffects":true,"showParticleSystems":true,"showVisualEffectGraphs":true,"m_FxEnabled":true},"in2DMode":false,"pivot":{"x":2.6669158935546877,"y":1.0273888111114503,"z":-3.4007070064544679},"rotation":{"x":-0.11428533494472504,"y":-0.03605648875236511,"z":0.00415684562176466,"w":-0.9928005337715149},"size":4.3657684326171879,"orthographic":false}