{"cameraMode":{"drawMode":0,"name":"Shaded","section":"Shading Mode"},"sceneLighting":false,"audioPlay":false,"sceneViewState":{"m_AlwaysRefresh":false,"showFog":true,"showSkybox":false,"showFlares":true,"showImageEffects":true,"showParticleSystems":true,"showVisualEffectGraphs":true,"m_FxEnabled":true},"in2DMode":false,"pivot":{"x":6.817035675048828,"y":0.5229728817939758,"z":-2.028940200805664},"rotation":{"x":0.023369139060378076,"y":-0.040781013667583469,"z":-0.0009482083842158318,"w":-0.9989098310470581},"size":1.9859265089035035,"orthographic":false}